asin,name,date
B085DTZQNZ,Hydrate On-the-Go Without the Spill,2026-07-01 19:36:13
B0B8STRJYJ,1. Protect Your iPad Style,2026-07-01 20:13:14
B083JHCCV2,1. Revolutionize Your Smile Today,2026-07-02 20:42:32
B081FFRGZB,"Clean Hands, Clear Mind",2026-07-03 17:48:50
B0CHTZD63Q,Sticky Situation Solved,2026-07-03 18:03:46
B0CCSTSJD5,Salad in a Snap Delivered,2026-07-03 18:31:12
B0CR6SG9NZ,Tropical Luau Party Decorations Unleashed,2026-07-03 19:35:57
B0FDQK69GQ,"Protect Your Screen, Protect Your Life",2026-07-04 01:05:53
B08V8877BY,Escape Reality with Dungeon Crawler Carl,2026-07-04 15:35:39
B0F2GMVG7T,Save Your Floor from Damage,2026-07-04 19:35:11
B08264XHCZ,Unlock Your Creative Freedom Today,2026-07-05 01:05:39
B079VP6DH5,"Wipe Out Mess, Wipe Out Stress",2026-07-05 15:36:08
B0GW7DVH6S,Trump's Shadow Empire Exposed,2026-07-05 19:35:33
B0741F3M7C,Unlock the Secrets of Your Ancestors,2026-07-06 01:07:40
B0FHQ7P5ZX,1. Girl's Safety Just Got Cooler,2026-07-06 15:36:00
B071Z8Z5C7,The Glamorous Life of Evelyn Hugo,2026-07-06 19:37:13
B0FHHFBDNQ,Unbeatable Console Gaming Now Possible,2026-07-07 01:07:44
B0BS6H9GLY,"Burn Forever, Store Forever",2026-07-07 15:37:57
B086KSDTQ4,Here are the transformed lines of text:,2026-07-07 19:36:12
B0GN89VWNR,Haaland Frenzy Hits Your Shelf,2026-07-08 01:11:16
B0DHYGWYJ6,TurboTax Made Easy,2026-07-08 15:36:42
B07HLSCDD1,Turtle Power for Your Face,2026-07-08 19:36:03
B0F6QPJMKJ,Love Across the Unknown,2026-07-09 01:06:08
B0D7BG2XS8,Birthday Bracelet Magic for Girls,2026-07-09 04:33:11
B09345T1HY,Escape the Apocalypse Today!,2026-07-09 10:17:15
B00W85TAHE,"Sweat Less, Walk More",2026-07-09 04:59:04
B07QHLRL1H,Instant New PC Setup,2026-07-09 15:43:10
B07MPCCDM7,Music Magic for Little Minds,2026-07-09 19:37:17
B08826B2XL,Snack Attack Solved in Minutes,2026-07-10 01:06:24
B0GF9XWXGH,Summer Vibes Unleashed,2026-07-10 15:36:56
B015SQAVB8,Beef Jerky Game Changer,2026-07-10 19:37:40
B01BXGKIJM,Rugged Everyday Tee for Life,2026-07-11 01:06:14
B0GWNP2MVP,Duck Pin Frenzy Mystery Pack,2026-07-11 15:36:44
B0DKHC3GGJ,Accurate Dose Made Easy,2026-07-11 19:36:06
B0BCK98LLG,Eco-Friendly Twine Revolution,2026-07-12 01:06:17
B0FXHSDQ57,Life Just Got Easier Tonight,2026-07-12 15:35:57
B0DFJ8HHDM,Level Up Your Collection,2026-07-12 19:35:39
B0CNFCRJ77,Here's the transformed content:,2026-07-13 01:05:40
B00MW8G62E,Potty Training Just Got Easier,2026-07-13 15:38:01
B0C8J7218N,"Brew, Sip, Repeat with Ease",2026-07-13 19:37:39
B0GK4TPQDG,"Life-Changing Upgrade, Now Yours",2026-07-14 01:06:13
B0866S3D82,Safe Home from Anywhere,2026-07-14 15:36:17
B072C42X3H,Upgrade Your Boat Party,2026-07-14 19:36:31
B0H2DFHVLK,Kitchen Game Changer Oven,2026-07-15 01:05:58
B0H4QPKD72,Upgrade Your Entertainment Experience,2026-07-15 15:37:23
B08M9HND4F,Upgrade Your Gaming Experience,2026-07-15 19:36:53
B0D3DZQ1ZM,Smooth Wrinkles in One Shot,2026-07-16 01:07:10
B0796JVBJ8,Colorful Water Blasters For Summer Fun,2026-07-16 15:36:00
B0CG19FGQ5,Capture Life's Most Stunning Moments,2026-07-16 22:00:26
B0BPMB1Y13,"Dry Home, Less Stress",2026-07-16 16:41:33
B08H8ZLKKK,Fastest Home WiFi Ever Built,2026-07-16 19:36:55
B0GR6FHGXX,The Ultimate Laptop for School Success,2026-07-17 01:06:42
B01N1HEY0M,Unbreakable Fishing Line for Wild Adventures,2026-07-21 15:36:18
B089QV23YJ,Unbeatable PC Upgrade for Busy Lives,2026-07-21 19:43:31
B0CG9NWJYZ,Protect Your Tabletop in Style,2026-07-22 01:06:24
B0FHQ8BHFJ,Stylish Safety for Your Pup,2026-07-22 15:38:03
B07F97MPYT,Luxury Sleep for the Win,2026-07-22 19:37:35
B0756BXDTX,Spot Anything Far Away,2026-07-23 01:05:33
B0FDH3BLH2,Jessie's Ready for Adventure,2026-07-23 15:35:44
B00B6A6XOK,Healing in an Instant,2026-07-23 19:35:40
B0C2GPVLHS,Dry Clothes Anywhere Instantly,2026-07-24 01:06:42
B07CRG94G3,Portable Storage Made Easy,2026-07-24 15:36:10
B0014CV2IW,Heal in a Snap,2026-07-24 19:36:14
B0CS3B7MD8,Instant Tire Fix Anywhere,2026-07-25 01:06:26
B0GCHBYQGC,Baby Surprise Unboxing Madness,2026-07-25 15:36:34
B0BJMSH4JX,Whipped Beef Tallow Magic,2026-07-25 19:35:44
B0CHS2VNHC,Sing Your Heart Out Mini Karaoke,2026-07-26 01:06:32
B08K7HFMX4,Capture Life's Magic in Full HD,2026-07-26 15:36:29
B0D6T59JGQ,Colorful Straws for Every Party,2026-07-26 19:36:10
B0DZ75TN5F,"1. Draw, Discover, Dominate",2026-07-27 01:06:59
B0CTWHSSM8,Turbo Speed RC Fun For Kids,2026-07-27 15:37:02
B0F6Y5C3ZS,Squish Stress Away,2026-07-27 19:36:15
B0F7RR3YC6,Big Screen Anywhere,2026-07-28 01:07:18
B07WMQP4SF,Softest Kitchen Towels Ever Discovered,2026-07-28 15:36:49
B0G4LPHP5R,Sparkle on Her 80th Birthday,2026-07-28 19:36:35
B09Q3MYDQH,Barefoot Freedom for Every Adventure,2026-07-29 01:06:40
B0DRRYM7GL,Safe Dryer Vent Hack,2026-07-29 15:37:18
B0C5Z8VCHX,Game-Changing Kettle for Busy Lives,2026-07-29 19:37:15
B0DTJWSVWG,SQUISHY SQUEEZE Stress Relief Therapy,2026-07-30 01:06:59
B081L8933P,Make Your Own Puppets Party,2026-07-30 15:36:53
B005N0WCE4,Wine Leftovers Don't Suck Anymore,2026-07-30 19:37:23
B0DT52LVMS,Wireless Gaming Evolution,2026-07-31 01:07:53
B0CLHTKY3V,"Soft Lips, Happy Life Begins",2026-07-31 15:37:31
B0FHJ7TKZM,1. See Everything in Stunning Detail,2026-07-31 19:38:54
B0DVBP5L6Y,Ultra-Fast Home WiFi Revolution,2026-08-01 01:09:02
B00Q7OAPM6,Softest Sheets You'll Ever Sleep On,2026-08-01 15:36:53
B083FM3R87,Cuddle Buddy Alert: 8 Ginger Cat Plush,2026-08-01 19:37:05
B07WG18RLT,Magical Fairy Lights Transform Spaces,2026-08-02 01:07:04
B088NRLMPV,Fastest Charging Cables Ever!,2026-08-02 15:37:00
B0FFGDGNQV,Retro Magic in Every Snap,2026-08-02 19:37:27
B0002M6CVC,Strings That Rock Your World,2026-08-03 01:06:59
B0DR9GN2PM,"Unleash Your Drink, Sip Your Way",2026-08-03 15:37:15
B01CEY489S,Unleash Mario Kart Chaos Anywhere,2026-08-03 19:36:43
B00NHQF6MG,Unleash Little Minds,2026-08-04 01:07:10
B09ZKRXT8M,Elevate Your Bartending Game Instantly,2026-08-04 15:37:28
B0D6J5B98H,See What Happens Behind You,2026-08-04 19:39:19
B0DH3YYC5F,Make Your Memories Pop,2026-08-05 01:07:42
B0785VXRX2,Sweat Smarter Not Harder,2026-08-05 15:36:37
B0GCC4HQRP,Singing KPop Doll Takes the Stage,2026-08-05 19:36:30
B0DH1MKVQV,"Tiny USB, Big Storage Boost",2026-08-06 01:06:15
B0FGGMR4JZ,Bring Back Your Childhood Pet,2026-08-06 15:45:45
B0D3LM83KH,Bible Verses for a Calmer Life,2026-08-07 01:06:24
B00MO6KKSK,Tune Up Your Sound Fast,2026-08-07 15:36:07
B00JUM36R8,Cozy Up Without the Guilt,2026-08-07 19:36:19
B0DLN1B4MJ,Pink Backdrop Magic Unleashed,2026-08-08 01:06:55
B0DGHMNQ5Z,Freedom in Your Ears,2026-08-08 15:35:57
B017NI17HQ,"Fish Smarter, Not Harder",2026-08-08 19:36:50
B0CG19QXWD,Capture Life's Moments in Stunning Clarity,2026-08-09 01:07:08
B0CJRTRRTG,Unlock Hidden Worlds,2026-08-09 15:36:23
B00E4AMFKK,Deck Up Your Game Night,2026-08-09 19:36:46
B0DF472VMZ,Ultimate Sip Every Time,2026-08-10 01:06:58
B0GDQRNTF3,Capture Life's Precious Moments,2026-08-10 15:44:36
B0007QCQGI,Here's the transformed content:,2026-08-10 19:47:21
B0DXM9Y8J1,Home Security Made Crystal Clear,2026-08-11 01:07:08
B0B4KMZRC3,Spiderman Backpack for School Kids,2026-08-11 15:39:07
B07PBD5RDG,Laptop Life Just Got Easier,2026-08-11 19:37:34
B083C567C3,Unbeatable Tablet for Every Budget,2026-08-12 01:07:06
B07YQP4CST,Unleash The Magic Of Disney Friends,2026-08-12 15:39:23
B0D9QJNPJ3,Rain Symphony for Your Garden,2026-08-12 19:37:30
B0CKYWT36R,"Easy Cooking, Endless Possibilities",2026-08-13 01:07:29
B00ZRD99C0,Baby's First Ball is the Best,2026-08-13 15:36:35
B0GLQXKKVY,Eye Care Without Compromise,2026-08-13 19:37:36
B0DJ5RPZY2,Retro Gaming Fun for Kids,2026-08-14 01:07:17
B07P6MZPK3,UNO Chaos at Your Fingertips,2026-08-14 15:36:45
B0CQF6T2K1,Roku Remote Made Easy,2026-08-14 19:37:22
B07CTXRKH8,Chill on the Go in Style,2026-08-15 01:10:11
B0822MPCFD,1. Protect Your Perfect Shot Every Time,2026-08-15 15:37:26
B0FM2NP46M,1. Case Goals,2026-08-15 19:37:09
B0F3BJJ9DJ,"See More, Worry Less",2026-08-16 01:07:32
B0D9NSPBC3,Wine Bag Surprise for Loved Ones,2026-08-16 15:37:17
B0FV2CHLV8,Sip. Savor. Repeat.,2026-08-16 19:37:43
B07GX1JKNB,Locks Love Spray,2026-08-17 01:06:58
B07HF3X6Y4,"HiLIFE Steamer for Clothes, Portable Handheld",2026-08-17 15:40:57
B0BWRJF5DX,2 Pack Blue Party Decorations Ocean Party Dec,2026-08-17 19:36:53
B07V67STBD,Portable DVD Power‑Up,2026-08-18 05:14:33
B07J6TJR2G,Safari Puppet Adventure,2026-08-18 01:07:31
B0GYTRYV7P,Mega Evolution Power Pack,2026-08-18 15:37:52
B0F9B1H5VN,Paper Chaos? Scan in Seconds,2026-08-18 19:38:24
B0FYP7ZDJ5,One‑Box Home Power,2026-08-19 01:08:04
B0C1NNYJGB,Sleep Like New Every Night,2026-08-19 15:42:52
B07QTZ8238,"Woody Talks, Plays, Wins!",2026-08-19 19:45:39
B00VV5KRD8,Bug-Free Backyard Bliss,2026-08-20 01:07:49
B0H1LS5LG5,Baby Lounger Magic,2026-08-20 14:18:15
B0BN72FYFG,"Apple iPhone 14, 128GB, Midnight - Unlocked (",2026-08-20 14:47:39
B0GR19X8DC,Powerful Portable AI Laptop,2026-08-20 15:36:56
B0BZYCJK89,Owala FreeSip Stainless Steel Water Bottle 24,2026-08-20 19:46:12
B0CYJBB2JQ,Tiny Toast Hero,2026-08-21 01:07:14
B00000JBNX,Math Mastery in Seconds,2026-08-21 15:37:18
B0FMS7CRHX,Blooming LEGO Garden Fun,2026-08-21 19:36:35
B01NB05WI5,Wrinkle-Free Power Iron,2026-08-22 01:07:01
B0B6GLQJMV,Guard Your Home Instantly,2026-08-22 15:36:08
B0BRKPVZB4,Party‑Ready Waterproof Speaker,2026-08-22 19:36:25
B0BLBLRLJB,Kid's Ultimate Tablet Deal,2026-08-23 01:06:08
B0BJPXXM7D,Protect Your iPad Instantly,2026-08-23 15:37:01
B0B6PLG6G2,Clean Air Fryer Fast,2026-08-23 19:36:05
B000FGECAI,Mind‑Mazing Travel Puzzle,2026-08-24 01:05:52
B08DKHHTFX,Unbreakable Car Phone Mount,2026-08-24 15:36:10
B0H11MJH46,Kitchen Powerhouse Oven,2026-08-24 19:35:14
B0FDWMP57L,"Inflate Instantly, Anywhere",2026-08-25 01:06:24
B0DJMP6T3N,Stain-Free Life in Minutes,2026-08-25 15:35:22
B017G1051Y,Bug-Free Adventure Bracelets,2026-08-25 19:42:37
B0C7ZBNWL5,Pocketed Power Pants,2026-08-26 01:07:02
B0732NXYNS,Nonstick Kitchen Revolution,2026-08-26 19:37:04
B07K74LDCH,Backpack That Never Breaks,2026-08-27 01:06:14
B0CZHNZF5D,Mini Animal Wonderland,2026-08-27 16:15:20
B08P3YVH3X,"Scan Smarter, Work Faster",2026-08-27 19:35:42
B0C3L93F2Q,Portable Label Maker Magic,2026-08-28 01:06:00
B0BQR2BQYZ,Frame Your Memories,2026-08-28 15:36:23
B0G8L1RNPF,Add 1.5TB to Life,2026-08-28 19:39:58
B092W7D64G,Mind-Melting Twist Challenge,2026-08-29 01:06:26
B0DC99N2T8,Ultra‑Fast Wi‑Fi for Gamers,2026-08-29 15:36:02
B0BDQLJMFV,Midnight Balloon Bash,2026-08-29 19:35:15
B0FQFB8FMG,Apple AirPods Pro 3 Wireless Earbuds with Act,2026-08-30 01:05:59
B0DJ1BQHQX,Spider Scorpion Snake Frenzy,2026-08-30 15:37:41
B0D6SH4M2K,"PanOxyl Acne Banishing Body Spray, 2% Salicyl",2026-08-30 19:35:58
B09VTNCFKL,Bathroom Bliss with Reed Diffuser,2026-08-31 01:05:42
B0CQVWT2NH,HydroJug Traveler: Sip Anywhere,2026-08-31 15:38:23
B0FQBSMB4H,Hands-Free Audio Power,2026-08-31 19:39:00
B00002ND64,Fire Safety in a Snap,2026-09-01 01:06:46
B07V91437Y,Instant Wrinkle Eraser,2026-09-01 15:36:28
B0GJTFXNRX,Never Lose Your Keys Again,2026-09-01 19:37:13
B0BWHZJHPL,Bullet Ice Power,2026-09-02 01:06:14
B09WTSKMVW,Spin & Solve Puzzle Magic,2026-09-02 15:54:27
B0H8WMZVKP,Splash Attack Lollipop,2026-09-02 22:01:55
B0B7CCHPXK,Protect Every Card,2026-09-02 19:36:22
B08412HXK9,Never Run Out Ink,2026-09-03 01:08:12
B0GLNPDCHL,"Tiny Fridge, Big Chill",2026-09-03 15:36:08
B0DQ37L1Y2,Mini Amp for Guitarists,2026-09-03 19:36:06
B0D7FVQ1ZB,Comfort Meets Sound,2026-09-04 01:08:55
B0FDKJDFGZ,Shield Your Screen Fast,2026-09-04 15:46:18
B0113UZJE2,"Etekcity Food Kitchen Scale, Digital Grams an",2026-09-04 19:36:59
B07KBV688F,Tiny Tots Dance Shoes,2026-09-05 01:09:08
B0FKY81SRK,Ruffle Sock Craze,2026-09-05 15:36:01
B075QRWRYP,LEGO Creative Suitcase,2026-09-05 19:36:33
